TV Name,Review Title,Review Rating,Review Text
Imagix Pro,Amazing Picture Quality,9,"I recently purchased the Imagix Pro and I am blown away by its picture quality. The colors are vibrant and the images are crystal clear. It feels like I'm watching movies in a theater! The sound is also impressive, creating a truly immersive experience. Highly recommended!"
Imagix Pro,Impressive Features,8,"The Imagix Pro is packed with impressive features that enhance my viewing experience. The smart functionality allows me to easily stream my favorite shows and movies. The remote control is user-friendly and has convenient shortcuts. The slim design is sleek and fits perfectly in my living room. The only downside is that the sound could be better, but overall, I'm satisfied."
Imagix Pro,Unmatched Clarity,10,"I cannot express enough how impressed I am with the clarity of the Imagix Pro. Every detail is so sharp and lifelike, it's like I can reach out and touch the images on the screen. The colors are vibrant and realistic, making everything look stunning. It truly enhances my movie-watching experience!"
Imagix Pro,Disappointing Sound Quality,3,"While the picture quality of the Imagix Pro is excellent, I am disappointed with the sound quality. The volume lacks depth and the bass is almost non-existent. I had to invest in external speakers to enjoy a better audio experience. It's a shame that such a great TV falls short in this aspect."
Imagix Pro,Easy Setup and Navigation,9,"Setting up the Imagix Pro was a breeze. The instructions were clear and the TV guided me through the process smoothly. The interface is intuitive and easy to navigate. I love how seamless it is to switch between different apps and inputs. This TV has made my life so much simpler!"
Imagix Pro,Stunning Design,10,"The Imagix Pro not only offers exceptional performance but also boasts a stunning design. The ultra-thin bezels and sleek finish make it a focal point of my living room. The TV blends seamlessly with my decor. It's a true work of art!"
Imagix Pro,Outstanding Value for Money,9,"The Imagix Pro is a fantastic value for money. Considering its high-quality performance, impressive features, and sleek design, it offers more bang for the buck compared to other TVs in the market. I am extremely satisfied with my purchase."
Imagix Pro,Unreliable Connectivity,4,"One major issue I have encountered with the Imagix Pro is its unreliable connectivity. The Wi-Fi frequently disconnects, causing buffering issues during streaming. The TV also struggles to maintain a stable Bluetooth connection. It's frustrating, especially considering the price I paid."
Imagix Pro,Perfect Gaming TV,8,"As a gaming enthusiast, the Imagix Pro is a dream come true. The low input lag and high refresh rate ensure smooth gameplay. The colors are vibrant and the details are crisp, providing an immersive gaming experience. It's the perfect TV for all gamers out there!"
Imagix Pro,Exceptional Customer Service,10,"I had a minor issue with my Imagix Pro, but the customer service team was exceptional. They were prompt in addressing my concern and guided me through the troubleshooting process. They even offered a quick replacement when the issue persisted. Kudos to their excellent support!"
VisionMax Ultra,Unmatched Visuals,10,"The VisionMax Ultra lives up to its name by delivering unmatched visuals. The 4K resolution and HDR technology bring every scene to life with incredible detail and vibrant colors. It's like having a cinema in my own home. I couldn't be happier with this TV!"
VisionMax Ultra,Disappointing Sound,5,"While the picture quality of the VisionMax Ultra is exceptional, the sound quality falls short. The built-in speakers lack depth and the audio feels hollow. I had to connect external speakers to enjoy a fulfilling audio experience. It's a letdown considering the overall performance of the TV."
VisionMax Ultra,Sleek and Modern,9,"The VisionMax Ultra fits perfectly into my modern living room decor. The slim design and minimalistic bezels make it look sleek and stylish. The TV is a seamless addition to my home, and it never fails to impress my guests."
VisionMax Ultra,Impressive Smart Features,8,"The VisionMax Ultra comes loaded with impressive smart features. The user interface is intuitive and easy to navigate. The TV seamlessly integrates with various streaming platforms, providing a hassle-free entertainment experience. It's like having a smart hub at my fingertips."
VisionMax Ultra,Excellent Picture Clarity,9,"The picture clarity of the VisionMax Ultra is simply outstanding. The images are sharp, and the colors are vivid. Whether I'm watching movies, sports, or playing games, the visuals are always stunning. This TV takes my viewing experience to a whole new level!"
VisionMax Ultra,Insufficient HDMI Ports,6,"One downside of the VisionMax Ultra is the limited number of HDMI ports. With the increasing number of HDMI devices, it's frustrating to constantly switch cables. I wish there were more ports to accommodate all my devices without the need for an HDMI switcher."
VisionMax Ultra,Easy Installation Process,9,"Setting up the VisionMax Ultra was a breeze. The instructions provided were clear and concise, making the installation process quick and hassle-free. The TV also offers various mounting options, allowing me to choose the perfect placement for my viewing pleasure."
VisionMax Ultra,Immersive Audio Experience,10,"The VisionMax Ultra delivers an immersive audio experience. The built-in speakers produce clear and well-balanced sound. The Dolby Atmos technology adds depth and dimension to the audio, making it feel like I'm in a theater. I'm thoroughly impressed!"
VisionMax Ultra,Unresponsive Remote Control,4,"One major drawback of the VisionMax Ultra is the unresponsive remote control. It often takes multiple presses for the TV to register the command. It's frustrating, especially when navigating through menus or adjusting settings. The remote control definitely needs improvement."
VisionMax Ultra,Value for Money,8,"The VisionMax Ultra offers exceptional value for money. Compared to other high-end TVs in the market, it provides similar performance at a more affordable price. The picture quality and smart features make it a worthwhile investment. Highly recommended!"